Workbook

Sheet raw_order_items
A1: order_id | B1: product_id | C1: quantity | D1: unit_price | E1: freight_value | F1: line_total | G1: order_status | H1: order_month
A2: ORD000001 | B2: PROD0305 | C2: 1 | D2: 77.21 | E2: 40.61 | F2: 117.82 | G2: delivered | H2: 2018-01
A3: ORD000002 | B3: PROD0130 | C3: 2 | D3: 505.34 | E3: 29.98 | F3: 1040.66 | G3: delivered | H3: 2017-11
A4: ORD000003 | B4: PROD0131 | C4: 1 | D4: 68 | E4: 26.52 | F4: 94.52 | G4: delivered | H4: 2018-09
A5: ORD000004 | B5: PROD0067 | C5: 1 | D5: 112.15 | E5: 14.81 | F5: 126.96 | G5: delivered | H5: 2018-04
A6: ORD000005 | B6: PROD0242 | C6: 1 | D6: 58.32 | E6: 8.12 | F6: 66.44 | G6: delivered | H6: 2018-03
A7: ORD000005 | B7: PROD0449 | C7: 1 | D7: 53.83 | E7: 36.65 | F7: 90.48 | G7: delivered | H7: 2018-03
A8: ORD000006 | B8: PROD0309 | C8: 1 | D8: 196.47 | E8: 28.13 | F8: 224.6 | G8: delivered | H8: 2018-09
A9: ORD000007 | B9: PROD0371 | C9: 1 | D9: 39.23 | E9: 44.74 | F9: 83.97 | G9: delivered | H9: 2018-11
A10: ORD000007 | B10: PROD0057 | C10: 1 | D10: 76.8 | E10: 27.7 | F10: 104.5 | G10: delivered | H10: 2018-11
A11: ORD000007 | B11: PROD0150 | C11: 1 | D11: 158.23 | E11: 5.95 | F11: 164.18 | G11: delivered | H11: 2018-11
A12: ORD000007 | B12: PROD0248 | C12: 1 | D12: 66.06 | E12: 30.76 | F12: 96.82 | G12: delivered | H12: 2018-11
A13: ORD000008 | B13: PROD0476 | C13: 1 | D13: 160.93 | E13: 7.03 | F13: 167.96 | G13: delivered | H13: 2017-07
... A501: ORD000295 | B501: PROD0426 | C501: 1 | D501: 498.65 | E501: 7.29 | F501: 505.94 | G501: delivered | H501: 2018-08

Sheet monthly_summary
A1: order_month | B1: num_line_items | C1: total_revenue | D1: avg_order_value
A2: 2017-01 | B2: =COUNTIFS(raw_order_items!H2:H501,A2) -> 19 | C2: =ROUND(SUMIFS(raw_order_items!F2:F501,raw_order_items!H2:H501,A2),2) -> 4603.81 | D2: =ROUND(C2/B2,2) -> 242.31
A3: 2017-02 | B3: =COUNTIFS(raw_order_items!H2:H501,A3) -> 19 | C3: =ROUND(SUMIFS(raw_order_items!F2:F501,raw_order_items!H2:H501,A3),2) -> 4832.69 | D3: =ROUND(C3/B3,2) -> 254.35
A4: 2017-03 | B4: =COUNTIFS(raw_order_items!H2:H501,A4) -> 19 | C4: =ROUND(SUMIFS(raw_order_items!F2:F501,raw_order_items!H2:H501,A4),2) -> 5477.48 | D4: =ROUND(C4/B4,2) -> 288.29
A5: 2017-04 | B5: =COUNTIFS(raw_order_items!H2:H501,A5) -> 18 | C5: =ROUND(SUMIFS(raw_order_items!F2:F501,raw_order_items!H2:H501,A5),2) -> 4087.61 | D5: =ROUND(C5/B5,2) -> 227.09
A6: 2017-05 | B6: =COUNTIFS(raw_order_items!H2:H501,A6) -> 31 | C6: =ROUND(SUMIFS(raw_order_items!F2:F501,raw_order_items!H2:H501,A6),2) -> 6938.2 | D6: =ROUND(C6/B6,2) -> 223.81
A7: 2017-06 | B7: =COUNTIFS(raw_order_items!H2:H501,A7) -> 24 | C7: =ROUND(SUMIFS(raw_order_items!F2:F501,raw_order_items!H2:H501,A7),2) -> 3518.85 | D7: =ROUND(C7/B7,2) -> 146.62
A8: 2017-07 | B8: =COUNTIFS(raw_order_items!H2:H501,A8) -> 25 | C8: =ROUND(SUMIFS(raw_order_items!F2:F501,raw_order_items!H2:H501,A8),2) -> 5249.68 | D8: =ROUND(C8/B8,2) -> 209.99
A9: 2017-08 | B9: =COUNTIFS(raw_order_items!H2:H501,A9) -> 32 | C9: =ROUND(SUMIFS(raw_order_items!F2:F501,raw_order_items!H2:H501,A9),2) -> 10135.96 | D9: =ROUND(C9/B9,2) -> 316.75
A10: 2017-09 | B10: =COUNTIFS(raw_order_items!H2:H501,A10) -> 25 | C10: =ROUND(SUMIFS(raw_order_items!F2:F501,raw_order_items!H2:H501,A10),2) -> 3730 | D10: =ROUND(C10/B10,2) -> 149.2
A11: 2017-10 | B11: =COUNTIFS(raw_order_items!H2:H501,A11) -> 20 | C11: =ROUND(SUMIFS(raw_order_items!F2:F501,raw_order_items!H2:H501,A11),2) -> 4561.34 | D11: =ROUND(C11/B11,2) -> 228.07
A12: 2017-11 | B12: =COUNTIFS(raw_order_items!H2:H501,A12) -> 12 | C12: =ROUND(SUMIFS(raw_order_items!F2:F501,raw_order_items!H2:H501,A12),2) -> 4399.77 | D12: =ROUND(C12/B12,2) -> 366.65
A13: 2017-12 | B13: =COUNTIFS(raw_order_items!H2:H501,A13) -> 24 | C13: =ROUND(SUMIFS(raw_order_items!F2:F501,raw_order_items!H2:H501,A13),2) -> 4076.77 | D13: =ROUND(C13/B13,2) -> 169.87
A14: 2018-01 | B14: =COUNTIFS(raw_order_items!H2:H501,A14) -> 31 | C14: =ROUND(SUMIFS(raw_order_items!F2:F501,raw_order_items!H2:H501,A14),2) -> 6996.42 | D14: =ROUND(C14/B14,2) -> 225.69
A15: 2018-02 | B15: =COUNTIFS(raw_order_items!H2:H501,A15) -> 18 | C15: =ROUND(SUMIFS(raw_order_items!F2:F501,raw_order_items!H2:H501,A15),2) -> 3615.59 | D15: =ROUND(C15/B15,2) -> 200.87
A16: 2018-03 | B16: =COUNTIFS(raw_order_items!H2:H501,A16) -> 20 | C16: =ROUND(SUMIFS(raw_order_items!F2:F501,raw_order_items!H2:H501,A16),2) -> 4198.59 | D16: =ROUND(C16/B16,2) -> 209.93
A17: 2018-04 | B17: =COUNTIFS(raw_order_items!H2:H501,A17) -> 15 | C17: =ROUND(SUMIFS(raw_order_items!F2:F501,raw_order_items!H2:H501,A17),2) -> 3538.3 | D17: =ROUND(C17/B17,2) -> 235.89
A18: 2018-05 | B18: =COUNTIFS(raw_order_items!H2:H501,A18) -> 33 | C18: =ROUND(SUMIFS(raw_order_items!F2:F501,raw_order_items!H2:H501,A18),2) -> 6123.44 | D18: =ROUND(C18/B18,2) -> 185.56
A19: 2018-06 | B19: =COUNTIFS(raw_order_items!H2:H501,A19) -> 14 | C19: =ROUND(SUMIFS(raw_order_items!F2:F501,raw_order_items!H2:H501,A19),2) -> 4769.17 | D19: =ROUND(C19/B19,2) -> 340.66
A20: 2018-07 | B20: =COUNTIFS(raw_order_items!H2:H501,A20) -> 14 | C20: =ROUND(SUMIFS(raw_order_items!F2:F501,raw_order_items!H2:H501,A20),2) -> 2508.28 | D20: =ROUND(C20/B20,2) -> 179.16
A21: 2018-08 | B21: =COUNTIFS(raw_order_items!H2:H501,A21) -> 12 | C21: =ROUND(SUMIFS(raw_order_items!F2:F501,raw_order_items!H2:H501,A21),2) -> 3304.59 | D21: =ROUND(C21/B21,2) -> 275.38
A22: 2018-09 | B22: =COUNTIFS(raw_order_items!H2:H501,A22) -> 15 | C22: =ROUND(SUMIFS(raw_order_items!F2:F501,raw_order_items!H2:H501,A22),2) -> 3020.28 | D22: =ROUND(C22/B22,2) -> 201.35
A23: 2018-10 | B23: =COUNTIFS(raw_order_items!H2:H501,A23) -> 16 | C23: =ROUND(SUMIFS(raw_order_items!F2:F501,raw_order_items!H2:H501,A23),2) -> 2757.62 | D23: =ROUND(C23/B23,2) -> 172.35
A24: 2018-11 | B24: =COUNTIFS(raw_order_items!H2:H501,A24) -> 26 | C24: =ROUND(SUMIFS(raw_order_items!F2:F501,raw_order_items!H2:H501,A24),2) -> 4528.56 | D24: =ROUND(C24/B24,2) -> 174.18
A25: 2018-12 | B25: =COUNTIFS(raw_order_items!H2:H501,A25) -> 18 | C25: =ROUND(SUMIFS(raw_order_items!F2:F501,raw_order_items!H2:H501,A25),2) -> 3879.56 | D25: =ROUND(C25/B25,2) -> 215.53

Sheet data_quality_notes
A1: Issue | B1: Table | C1: Detail | D1: Fix applied
A2: Duplicate rows | B2: customers | C2: 15 duplicate customer_id rows found | D2: Dropped in load_data.py with drop_duplicates()
A3: Missing values | B3: customers | C3: 20 rows missing customer_city | D3: Left as NULL; excluded from city-level breakdowns
A4: Missing timestamps | B4: orders | C4: 25 orders missing order_purchase_ts | D4: Dropped from time-based analysis (can't bucket by month)
A5: Canceled orders | B5: orders | C5: ~5% of orders have status=canceled | D5: Excluded from revenue queries (WHERE order_status='delivered')
A6: No delivery data | B6: orders | C6: Non-delivered orders have null delivery_days | D6: Excluded from delivery-time analysis
